56	wp
41	wp-content
41	wc
41	content
13	industries
10	us
10	microsoft
9	dynamics
8	bmu
8	max
8	bizmaxus
8	biz
7	s
7	add-ons-plugins
7	plugins
7	os
7	aosp
7	ons
7	on
7	add
7	wp-includes
7	includes
7	wi
6	cr
6	erp
6	crm
6	cm
6	m
5	365
5	services
5	json
5	wp-json
5	wj
4	solutions
4	microsoft-dynamics-crm
4	mdcm
3	partner
3	microsoft-dynamics
3	md
3	business
3	admin
3	wp-admin
3	wa
2	partner-australia-erp-crm-solutions
2	australia
2	paecms
2	central
2	business-central
2	bc
2	ws
2	wii
2	se
2	wiise-erp
2	wiise
2	wse
1	about-us
1	about
1	au
1	reviews
1	features
1	and
1	bizmaxus-pricing-features-and-reviews-microsoft-dynamics
1	bmupfarmd
1	pricing
1	category
1	certified
1	certified-microsoft-partner
1	cmp
1	blog
1	case
1	case-studies
1	studies
1	cs
1	consulting
1	comments
1	development
1	contact-us
1	cu
1	contact
1	disclaimer
1	feed
1	faq
1	implementation
1	privacy-policy
1	pp
1	policy
1	privacy
1	sitemap
1	map
1	sm
1	site
1	support
1	conditions
1	terms
1	terms-conditions
1	tc
1	you
1	thank-you
1	thank
1	ty
1	thankyou
1	transforming-industries-how-erp-solutions-drive-business-growth
1	drive
1	transforming
1	tihesdbg
1	growth
1	how
1	upgrade
1	we-are-an-award-winning-microsoft-system-integrator-microsoft-dynamics
1	award
1	integrator
1	an
1	winning
1	are
1	we
1	system
1	waaawmsimd
